hashtag_name,hashtag_id
10000steps,0
1000daysartwithnik,1
100millionsmiles,2
15-Mar,3
15Marzo,4
16Marzo,5
16marzo,6
1A,7
1ShotNews,8
1pun,9
2019nCoV,10
2019ncov,11
20seconds,12
25thAmendmentNow,13
2Serendra,14
2plan,15
30DaysOfFree,16
316Day,17
3D,18
3Dprinting,19
3dprinter,20
3dprinting,21
3weeksprevents,22
4MXLXFE,23
4NewsNow,24
4mcloth,25
4thturning,26
51stState,27
5G,28
603life,29
6PMPrime,30
6hSpa,31
8bit,32
A20,33
ACE2,34
ACEi,35
ACPC,36
ACR,37
AFG,38
AFP,39
AFTERTHOUGHT,40
AHS,41
AI,42
AIA,43
AIAALNNJ,44
AIAContinuingEducation,45
APHC,46
APPRECIATION,47
ARB,48
ARDS,49
ARIS10,50
ARpx,51
ASEAN,52
ASL,53
AT2,54
ATLGBTQ,55
ATX,56
AU,57
AVFC,58
AbAaniCd,59
AcademicChatter,60
AcademicDog,61
AcademicTwitter,62
ActYourAge,63
AcuteRespirtoryDisorder,64
AdnanKhan,65
Aerosol,66
Afg,67
Afghanistan,68
Africa,69
African,70
Agenda21,71
Agra,72
AirlineIndustry,73
Airlines,74
AlanAdvantage,75
Alberta,76
Albufeira,77
Albuquerque,78
Alhamdulillah,79
Ali,80
Alibaba,81
Aliens,82
AlliedHealth,83
AlpenaPublicSchools,84
Alphabet,85
Amazon,86
America,87
AmericanAirlines,88
American_College_of_Radiology,89
Americans,90
Americas,91
AmitabhBachchan,92
Anchorman,93
AndersTegnell,94
Android,95
AngProbinsyano,96
AnimalCrossing,97
AnimalCrossingNewHorizons,98
AnimalCrossingPocketCamp,99
Anonymous,100
Antisemite,101
Anxiety,102
Aparajita,103
Apple,104
AppleStore,105
ArchdioceseofManila,106
Arcturus,107
Argentina,108
Arkansas,109
ArmyMedicine,110
ArmyPublicHealth,111
Arnie,112
ArnoldSchwarzenegger,113
ArtEdWorks,114
Artwork,115
Aruora,116
Arusha,117
Ashwagandha,118
Asia,119
AskSkyNews,120
AsktheQ,121
Aspirin,122
Assam,123
Astana,124
Athens,125
Atlanta,126
AtlanticCity,127
Aurangabad,128
Austin,129
Australia,130
AustralianID,131
AvianFlu,132
AvoidCrowds,133
AzureMaps,134
BANG,135
BBC,136
BBCan8,137
BCCI,138
BCHealth,139
BCM,140
BCWD,141
BILLIONAIRE,142
BLOG,143
BNHA,144
BOK,145
BOSTON,146
BPMN,147
BPO,148
BREAKING,149
BREAKINGNEWS,150
BROOKLYN,151
BSE,152
BaaghiTV,153
BabyBoom2020,154
BadTech,155
BailOut,156
Ballina,157
BanegaSwasthIndia,158
Bangladesh,159
BarChartRace,160
BarangayLS971,161
Barclays,162
BasicIncome,163
Bayern,164
BeBetter,165
BeKind,166
BeOne,167
BePrepared,168
BeSafe,169
BeSafeEveryone,170
BeSafeOutThere,171
BeSmart,172
BeTheChange,173
Bear,174
BearMarket,175
BehindTheScene,176
Beijing,177
Belarus,178
Bengaluru,179
Bernie2020,180
BernieSanders,181
BernieSanders2020,182
BernieWon,183
BestFriend,184
Beyond,185
Bhilai,186
Bhubaneswar,187
BidenLies,188
BigMatchJohn,189
BigPharma,190
BigTech,191
Bilan,192
BillGates,193
Billings,194
BioWeapon,195
Biohazard,196
Biotech,197
Bitcoin,198
BizAfrica,199
BlackCoffeeLuncheon,200
BlackMonday,201
BlindSheep,202
Blochchain,203
Bloomberg,204
BlueWave2020,205
BogusPotus,206
Bollywood,207
BongGo,208
Boogaloo2020,209
BookWorm,210
BorisJohnson,211
Bosnia,212
BossLadiesIndia,213
BossingIt,214
Boston,215
Botched,216
Botswana,217
BoxOffice,218
BoycottAmazon,219
BoycottTimHortons,220
BoycottVirginAtlantic,221
BoycottWholeFoods,222
Bradford,223
BrawlStars,224
BreakTheChain,225
BreakTheLink,226
Breaking,227
BreakingNews,228
Breathe,229
Brevard,230
Brexit,231
BrianEno,232
British,233
BritishAirways,234
Bronx,235
Brume,236
Brussels,237
Buckam,238
BuckhurstHill,239
BuckinghamPalace,240
BuildTheWall,241
Burberry,242
BurdenofCare,243
BurkinaFaso,244
Business,245
BusinessAsUsual,246
CAA,247
CABQ,248
CBD,249
CC,250
CCP,251
CDC,252
CDNpoli,253
CECC,254
CEMA,255
CHINA,256
CLE,257
CLMCAwareness,258
CM,259
CM0102,260
CMTrading,261
CNA,262
COLON,263
CORVIDS,264
COVD19,265
CP24,266
CUDA,267
CUREVAC,268
CV,269
CVID,270
CVNews,271
Calgary,272
California,273
CallOffShooting,274
CamUtd,275
Cambodia,276
Camden,277
Canada,278
Canadian,279
CanadianMusic,280
Canadians,281
Canadianscientists,282
CancelTrump,283
Cannabis,284
CannabisCommunity,285
Canton,286
Caracas,287
CarbonTax,288
CareForOthers,289
CarePatrolOfCharlotte,290
CareWork,291
Carnival,292
Caronavirus,293
CaronavirusIndia,294
Cars,295
Casinos,296
CastillaYLeon,297
Catalonia,298
Cats,299
CatsOfTwitter,300
Catteningthecurve,301
Cattle,302
Caution,303
CautionYesPanicNo,304
Cavicide,305
CdnHealth,306
CdnScreenAwards,307
Celularity,308
ChamberInt,309
Chambersburg,310
Charlottesville,311
Chattisgarh,312
ChernobylHBO,313
CherokeeCounty,314
Chiba,315
Chicago,316
Chicken,317
Children,318
China,319
ChinaMustPay,320
ChinaVirus,321
Chinatown,322
Chinese,323
ChineseEnvoy,324
Chromatica,325
Chronicle,326
Chuck,327
Cignal,328
Cities,329
CitizenScience,330
ClassicSportsGames,331
ClassicalMusic,332
CleveClinicFL,333
ClickOnCare,334
ClimateChange,335
ClimateCrisis,336
ClimateEmergency,337
CloseTheSchoolsNow,338
CoVID19,339
CoVID_19,340
CoVid19,341
Cobra,342
CobraMeeting,343
Coffee,344
Coil,345
Coincidence,346
Collaboration,347
CollectiveCare,348
Colombia,349
ColumbiaRoadFlowerMarket,350
Community,351
Commute,352
Compassion,353
ComplicitCorruptGOP,354
Congress,355
Conservative,356
Conservatives,357
Contagion,358
Containment,359
Continents,360
ControlThePandemic,361
ControlledByFear,362
Copyright,363
CoralSprings,364
Coranatuerkiye,365
Cornavirus,366
CornavirusOutbreak,367
Cornoavirus,368
Cornovirus,369
Coroanvirus,370
CoronApocolypse,371
Corporatism,372
Corruption,373
CouchCon,374
Counselling,375
Counsellor,376
Countries,377
CountryOverParty,378
CovID19,379
Coveid_19,380
CoworkingSpace,381
CrazyBernie,382
CreativeIndustry,383
CreditCards,384
CreepyJoeBiden,385
Cricket,386
Crime,387
CrimeMinisterMorrison,388
CrimeScene,389
Crisis,390
CriticalCondition,391
CronaVirus,392
CrowdMentality,393
CruiseShips,394
Crypto,395
CrystalWind,396
Cuba,397
Cult45,398
Cunard,399
CupOfDreadfulThings,400
CyberSecurity,401
Cybercriminals,402
CyprusAirways,403
DC,404
DCDMA,405
DHA,406
DJI,407
DJIA,408
DJWhillyem,409
DKShivakumar,410
DMV,411
Dab,412
DailyBorisBriefing,413
Dallas,414
Data,415
DataPrivacy,416
DataScience,417
DataVisualization,418
Day1,419
Day107,420
DayTrading,421
DaytonStrong,422
DaytonaBeach,423
Deaf,424
Death,425
DeepState,426
DefundtheBBC,427
Delhi,428
DemDebate,429
DemiLovato,430
Democracy,431
Democrat,432
DemocraticDebate,433
Democrats,434
Dems,435
Denmark,436
DepED,437
DescendantsOfTheSunPH,438
Designers,439
DevinNunes,440
Digital,441
DigitalFactory,442
DigitalLifeAsia,443
DirectCashPayments,444
Disease,445
DiseaseControl,446
Disinfection,447
Disney,448
DisneyWorld,449
Disneyland,450
DoBetter,451
DoNotTouchYourFace,452
DocDel,453
Doctors,454
DoctorsPerCapita,455
DoctorsSpeakUp,456
DogOfTwitter,457
DonaldTrump,458
Donnybrook,459
Donors,460
DontHoard,461
DontPanic,462
DontThinkJustPanic,463
DorectCashPayments,464
DowFutures,465
DowJones,466
Downtown,467
DrEd,468
DragonPearl,469
DrainTheDeepState,470
Drones,471
Drunk,472
Dscoop,473
Dubai,474
DullesAirport,475
DumbassNunes,476
Dumkaupf,477
DumpGOP,478
DumpTrump,479
Duque,480
Durham,481
Duterte,482
DutertesMen,483
ECU360,484
EDPD,485
EHR,486
EMR,487
EMT,488
EOKHUB,489
ER,490
ER_Doctors,491
ES,492
ESG,493
ETCoaches,494
EU,495
EUROPE,496
EastHarlem,497
Ebola,498
Economic,499
Economics101,500
Economy,501
EconomyCrisis,502
EdWardMD,503
Egypt,504
ElPaso,505
Elderberries,506
Elections,507
ElonMusk,508
EmergencyUBI,509
Emissions,510
Employees,511
Engineers,512
England,513
Enjoy,514
EnterpriseBond,515
Entrepreneurs,516
Entrepreneurship,517
Epidemic,518
EpidemicChina,519
Estonia,520
Ethics,521
Ethiopia,522
Europe,523
EuropeanCommission,524
EuropeanUnion,525
Eurozone,526
Event201,527
EverythingProperty,528
EverythingsClosed,529
Evidence,530
Exhibition,531
Expectations,532
Expressen,533
External,534
FAKENEWS,535
FDR,536
FES2020,537
FLU,538
FM,539
FMGLaw,540
FOMC,541
FOSSASIA,542
FREE,543
FX,544
FaceToFace,545
Facebook,546
FacebookLive,547
Facts,548
FactsAreFacts,549
FactsMatter,550
FakeFulop,551
FakeNews,552
FakeNewsMedia,553
FalseFlag,554
FamiliesFirst,555
Farage,556
Farms,557
FarukVsShoprite,558
Fashionista,559
FauxPatriots,560
Fear,561
Fed,562
FederalReserve,563
FeedingFirstResponders,564
Feet,565
Fermat,566
Fever,567
FightClub,568
Financial,569
Fintech,570
FiquemEmCasa,571
FireGOP,572
FireTrump,573
FirstPersonAccount,574
FirstResponders,575
FitnessMotivation,576
FlattenTheCurve,577
FlatteningSpikingCurveOfPandemic,578
FlawedcastCLE,579
Florida,580
Flowers,581
Flu,582
Flynn,583
Food,584
FoodDelivery,585
ForceMajeure,586
Forensic,587
ForeverAnakNgAma,588
Forex,589
Forkhill,590
FortDetrick,591
FossilFuels,592
FourthEstate,593
Fox,594
FoxNews,595
France,596
FreeFlynnNow,597
Freelance,598
FreelancersNeedToEat,599
FrontPageConsciousCut,600
FuckChina,601
FuckTrump,602
FuckXijinping,603
Future,604
GBPUSD,605
GDP,606
GDPR,607
GForce,608
GIS,609
GISPscholar,610
GMRGrandPrix,611
GOP,612
GOPBetrayedAmerica,613
GOPCorruptionOverCountry,614
GOPCoup,615
GOPCoverup,616
GOPCrimeSyndicate,617
GOPDeathSquad,618
GOSportsDR,619
GPPD,620
GPU,621
GRAVITY,622
GSuite,623
GSuiteBasic,624
GSuiteBusiness,625
GSuiteeducation,626
Gadgets,627
GalaxyS20,628
GalwayBayfmNews,629
Game,630
Gaming,631
Garden,632
Gaslighting,633
GenXers,634
GenerationEquality,635
Geneva,636
Geneve,637
Georgia,638
Germany,639
GetUnderstanding,640
GetWisdom,641
Girls,642
GiveMeBackMY401K,643
GlassHalfFull,644
Glee,645
Gleek,646
GlobalEmergency,647
GlobalGoals,648
GlobalPandemic,649
GlobalPandemicPracticeDrill,650
GlobalWarming,651
GoPro,652
God,653
Godly,654
Godzilla,655
GoingDown,656
GoodLife,657
GoodMorning,658
GoodieTwoShoesDiaries,659
GoogleClassroom,660
GovNews,661
GrabNGo,662
Greece,663
GreenCard,664
Greenland,665
Grindr,666
GroupHomeLife,667
GrowYourOwn,668
H1N1,669
H5N6,670
HANDS,671
HARLEM,672
HES,673
HHS,674
HIATUS,675
HOAX,676
HOPE,677
HR,678
HRM,679
HRes897,680
HSE,681
HaathiMereSaathi,682
Habits,683
Hackers,684
HaltImmigration,685
HandWashing,686
HandbagDivasLove,687
Handsanitize,688
Handwash,689
Handwashing,690
HappeningNow,691
HappinessWeek,692
HappyHour,693
HappyMonday,694
HarmReduction,695
Hawaii,696
Health,697
HealthCareWorkers,698
HealthCrisis,699
HealthEmergency,700
HealthForAll,701
HealthIT,702
HealthMinister,703
HealthTech,704
HealthWorkers,705
HealthandSafety,706
Healthcare,707
HealthcareIsAHumanRight,708
Healthtips,709
Heathrow,710
HelpEachOther,711
HelpUsToHelpYou,712
Herat,713
HerbieFullyLoaded,714
HiAP,715
Hiatus,716
HigherEd,717
HighestDebtLevelSince1946,718
HinaKhan,719
History,720
Hitachi,721
Holidays,722
Holland,723
Hollywood,724
HolyBookOfTheRepublic,725
HomeLearning,726
HomeWoeking,727
Homeoffice,728
Honda,729
HongKong,730
Hope,731
HospitalBedsPerCapita,732
Houston,733
How,734
HowCanIHelp,735
HowTo,736
Huawei,737
Hubei,738
Human,739
HumanFirst,740
Humanity,741
Hyderabad,742
Hypertension,743
IBD,744
IBM,745
ICU,746
ID,747
IDD,748
IDENTECfamily,749
IDMedicalCommunity,750
IDPhysician,751
IDontTakeResponsibilityAtAll,752
IED,753
IEDD,754
IFAsupport,755
ILP,756
ILoveRedmiNote,757
IMPOTUS,758
INC,759
INeLearn,760
IOC,761
IR35,762
IRGC,763
ISIS,764
ISRAEL,765
IStayAtHome,766
IStillHaveWork,767
ITCard,768
ITLivestream,769
Ibuprofen,770
Iceland,771
IdiotInChief,772
IllegalAliens,773
Illinois,774
ImOnlyChoking,775
ImmigrationMoratorium,776
ImmuneSystem,777
Impact,778
ImranKhan,779
Incompetence,780
Indeed,781
India,782
Indian,783
Indonesia,784
Industry,785
Indy500,786
IndyCar,787
Infected,788
Infection,789
Infectionprevention,790
InfectiousDisease,791
Influenza,792
Infographic,793
Inheritance,794
Innovation,795
InsaneNews,796
International,797
Internetmeltdown,798
Interoperability,799
Investments,800
Iowa,801
Iran,802
Iraq,803
Ireland,804
Irish,805
Isolation,806
Israel,807
Israeli,808
Italia,809
Italian,810
Italians,811
Italie,812
Italy,813
JAMALive,814
JC,815
JINSHI,816
JPMorgan,817
JVL2,818
Jackfruit,819
JakolAtHome,820
Jamaica,821
Jamb,822
Jamb2020,823
Jammu,824
JammuAndKashmir,825
JammuandKashmir,826
Japan,827
JapanFacts,828
Japanese,829
JaredKushner,830
Jesus,831
JesusChrist,832
JimCrow,833
JoHemQuedoACasa,834
Jobs,835
JobsinAurangabad,836
JoeBiden,837
JoeBiden2020,838
JohnCena,839
JoyNews,840
JustSayin,841
JusticeIsComing,842
K9,843
K9sGoViral,844
KAG,845
KAG2020,846
KAICIID,847
KIWICHEATING,848
KIWISCAM,849
KOMONews,850
KSLTV,851
KV,852
KWPL,853
Kalaburagi,854
Kalingatv,855
KamalaHarrisForVP,856
Karachi,857
Karnataka,858
Kashmir,859
KatBarrell,860
Kazakhstan,861
KeepCalmAndCarryOn,862
Keepcalm,863
KentishTown,864
Kentucky,865
Kenya,866
Kerala,867
Khabarhub,868
Khamenei,869
KindnessMatters,870
Kirkland_Washington,871
KnowTheFacts,872
Korona,873
KoronaVirus,874
Kƒ±yamet,875
LA,876
LALISA,877
LALockdown,878
LEAPactivators,879
LFGM,880
LIES,881
LKA,882
LNG,883
LNN,884
LNPCrimeFamily,885
LOCKSOUTHAFRICADOWN,886
LTBC,887
Ladakh,888
Lagos,889
Lansing,890
Laos,891
LasVegas,892
LastWeekTonight,893
Latest,894
LatinAmerica,895
Leaders,896
Leadership,897
LeatherDistrict,898
Leave,899
Lebanon,900
Lesotho,901
LetsHelpEachOther,902
Level5,903
LibDems,904
Liberia,905
Libertarians,906
Libraries,907
Library,908
Libya,909
Life,910
LifeHacks,911
Limpopo,912
Lincolnshire,913
Lincsconnect,914
Lipsome,915
Listen,916
LiveOnK2,917
Lk,918
LockAmericaDown,919
LockDownMalaysia,920
LockDownMaldives,921
Lockdown,922
LockdownCanada,923
LockdownIreland,924
LockieFerguson,925
London,926
LooRoll,927
LookForTheHelpers,928
LookOutForEachOther,929
LooseLips,930
LosAngeles,931
Loughborough,932
Loughton,933
Louisiana,934
LouthChat,935
LoveIsBlind,936
Lowell,937
Lucknow,938
LyinBiden,939
LyinJoeBiden,940
LyingJoe,941
M4A,942
MAA,943
MAGA,944
MASKS,945
MAleg,946
MApoli,947
MCAS,948
MEA,949
MH17,950
MIT,951
MODERNA,952
MONDAY,953
MSBraemar,954
MSFT,955
MSFTAdvocate,956
MSK,957
MSM,958
MSMsuck,959
MSNBCanswers,960
MTA,961
MUSICHEALS,962
MXBARS,963
MacroSW,964
Macron,965
MadeInChina,966
Madrid,967
MahanAir,968
Maharashtra,969
MahogonyMag,970
MainStreet,971
MainaAndKingangi,972
MakeTheGuillotineGreatAgain,973
Makro,974
Malaysia,975
Malicious,976
Malware,977
MamaCy971,978
MamataBanerjee,979
Manhattan,980
MaralagoVirus,981
Market,982
MarketCrash,983
MarketCrashes,984
MarketWatch,985
Markets,986
MarketsCoverage,987
MarketsNews,988
Maroc,989
MartialLaw,990
Martiallaw,991
MassHysteria,992
Mauritania,993
McGuire,994
MeHole,995
MeQuedoEnCasa,996
MeatEww,997
MedTwitter,998
Media,999
Medical,1000
MedicalStaff,1001
Medicare4All,1002
MedicareForAll,1003
MelanatedJC,1004
MentalHealth,1005
MentalHealthMatters,1006
Meralco,1007
Merkel,1008
Messina,1009
MetroManila,1010
Mets,1011
Miami,1012
Michigan,1013
Microbial,1014
Microsoft,1015
Microsoft365,1016
MicrosoftTeams,1017
MiddayMeals,1018
Midwest,1019
Migraine,1020
MikePence,1021
MilSpouse,1022
MilesGuo,1023
Military,1024
MilitaryNews,1025
MindYourMental,1026
Minimal,1027
Mining,1028
Ministry,1029
Minnesota,1030
Missouri,1031
MitchDoYourJob,1032
MobRule,1033
Mobility,1034
Moderate,1035
ModernWarfare,1036
Mogadishu,1037
Monday,1038
MondayBlogs,1039
MondayMood,1040
MondayMorning,1041
MondayMotivation,1042
MondayMotivaton,1043
MondayThoughts,1044
MondayVibes,1045
MondayWisdom,1046
Money,1047
Monsters,1048
Montana,1049
MontgomeryCounty,1050
Montreal,1051
Moria,1052
MorningJoe,1053
Morocco,1054
Moron,1055
MoronAVirus,1056
MoronInChief,1057
MoscowMitch,1058
Mother,1059
MotivationMonday,1060
Movies,1061
Mozambique,1062
MrBiz,1063
MrBizKnows,1064
Munchen,1065
MusicEducationMatters,1066
MusiciansMatter,1067
Muslims,1068
MustWatch,1069
MutualAid,1070
MwashumbeNaShugaboy,1071
MyCamper,1072
MyCharacter,1073
Myanmar,1074
N95,1075
NASDAQ,1076
NBA,1077
NBAPodcast,1078
NBATwitter,1079
NBC,1080
NC,1081
NC06,1082
NCOV,1083
NCPol,1084
NECN,1085
NFL,1086
NHL,1087
NHS,1088
NHSheroes,1089
NJ,1090
NKCells,1091
NMUTwitter,1092
NOJOE,1093
NOLA,1094
NOLATwitter,1095
NOTFORSALE,1096
NSE,1097
NY,1098
NYC,1099
NYS,1100
NYSE,1101
NYTimes,1102
Nagaland,1103
Nairobi,1104
Namaste,1105
Namibia,1106
NanaAkuaAddo,1107
Naproxen,1108
NarendraModi,1109
Nasdaq,1110
Nature,1111
NatureVsMoney,1112
NavinPatnaik,1113
Neighbors,1114
NephMadness,1115
Netflix,1116
Netherlands,1117
Nevada,1118
NeverForget,1119
NeverGiveUp,1120
NeverSurrender,1121
NewCDCguidelines,1122
NewDEAL,1123
NewJersey,1124
NewOrleans,1125
NewVlog,1126
NewYork,1127
News,1128
News1st,1129
NewsAlert,1130
NewsGang,1131
NewsPicks,1132
NewtownTownship,1133
Nifty,1134
Nigeria,1135
No10,1136
NoCookingGas,1137
NoDeliveryFee,1138
NoHighFive,1139
NoMoreDeaths,1140
NoMoreRepublicans,1141
NoNewtonJokes,1142
NoTrump2020,1143
Nonprofit,1144
NorthCarolina,1145
NorthKorea,1146
Norway,1147
NotAnnoyedYet,1148
NotaKindergartenTeacher,1149
NovemberIsComing,1150
NowPlaying,1151
NurseTwitter,1152
Nurses,1153
OCD,1154
OMG,1155
OSINT,1156
OTLFP,1157
OUTBREAK,1158
Odidha,1159
Odisha,1160
Offaly,1161
OfficeSpace,1162
Ohio,1163
Oil,1164
Olympic,1165
Olympics,1166
OnTheFrontLine,1167
OneHealth,1168
Online,1169
Ontario,1170
OommenChandy,1171
OpenData,1172
OpenPodiatry,1173
OpenScience,1174
OpenSource,1175
OpenTechSummit,1176
Opera,1177
OrangeDrugs,1178
OrangeGroup,1179
OtherJC,1180
Ottawa,1181
Over75s,1182
PAEdu,1183
PANDEMIC,1184
PANDEMICS,1185
PANIC,1186
PANICinDC,1187
PASAleads,1188
PBC,1189
PBCStrong,1190
PCCM,1191
PIVXcommunity,1192
PLDT,1193
PMO,1194
POSPussyGrabber,1195
POTUS,1196
POTUSisnotResponsible,1197
PRISK,1198
PSA,1199
PWUD,1200
PaidSickLeave,1201
Pakistan,1202
PakvsBd,1203
Palestine,1204
PalmBay,1205
Panama,1206
Pandemia,1207
Pandemic,1208
Pandemic2020,1209
Pandemics,1210
Pandumbic,1211
Panic,1212
PanicBuying,1213
PapaFrancesco,1214
Paralympics,1215
Parenting,1216
Parents,1217
Paris,1218
Party,1219
Paterson_NewJersey,1220
Patient31,1221
Patriotism,1222
PayperCreative,1223
Paywalls,1224
PeakyBlinders,1225
PedroSanchez,1226
Pennsylvania,1227
People,1228
PeopleBeCrazy,1229
PerformingArts,1230
Periscope,1231
PersonalData,1232
PersonaldDevelopment,1233
PersonaldGrowth,1234
PeterSchmidt,1235
PhDLife,1236
Philharmonic,1237
Philippines,1238
PhoenixFamily,1239
PhysicalDistancing,1240
PhysicalTherapy,1241
Piano,1242
PinarayiVijayan,1243
PizzaForTheLourdes,1244
Pizzabaker,1245
PlagueInc,1246
Plenty,1247
Pneumonia,1248
PocketCamp,1249
Podiatrist,1250
Poker,1251
Poland,1252
Police,1253
Politicans,1254
Poll,1255
PolloLoco,1256
Pollution,1257
Polygonal,1258
PopeFrancis,1259
Porsche911,1260
PortagePrepares,1261
PortofAntwerp,1262
Portugal,1263
Poster,1264
Prague,1265
PrayForItaly,1266
PrayForPhilippines,1267
PrayTogether,1268
Prediction,1269
PresDu30,1270
President,1271
PresidentialAddress,1272
PrincessCruises,1273
PrismAwards,1274
ProLife,1275
Propaganda,1276
PropertyManagement,1277
ProtectOthers,1278
ProtectTheVulnerable,1279
ProudToBeWHO,1280
Psychotherapy,1281
PublicHealthPH,1282
PublicSafety,1283
Publishers,1284
PuertoRico,1285
PugLife,1286
Pune,1287
Punkd,1288
Q,1289
QAnon,1290
QArmy,1291
QLOCdragons,1292
QQQ,1293
QUEUES,1294
Qatar,1295
Quarantine,1296
QuarantineAct2020,1297
QuarantineAndChill,1298
QuarantineLife,1299
Quarantunes,1300
Quarentine,1301
QueenElizabeth,1302
QueensBoroughPresident,1303
QueerVoicesHeard,1304
RBI,1305
REI,1306
RELION,1307
REST,1308
RESTAURANTS,1309
RESTEZCHEZVOUS,1310
RETWEEET,1311
RI,1312
RIPUSA,1313
RRR,1314
RUMINT,1315
RY,1316
Radiology,1317
Raman,1318
RareDisease,1319
Raw,1320
RealBread,1321
Reality,1322
Realtime,1323
Recessions,1324
RecipeOfTheDay,1325
RedBank,1326
RedmiNote9Pro,1327
RedmiNote9Promax,1328
Regulatory,1329
Relax,1330
Reliance,1331
RemoteTeaching,1332
RemoteWork,1333
Repost,1334
Republican,1335
Republicans,1336
ResearchersInAction,1337
ResidentEvil,1338
ResignNowtrump,1339
ResignTrump,1340
Resilience,1341
ResilientPakistan,1342
Resist,1343
Respirator,1344
Respiratory,1345
RespiratoryHygiene,1346
Restaurant,1347
ResterChezVous,1348
Retail,1349
RetailWorkers,1350
ReviewedFacts,1351
Richter,1352
RidinWithBiden,1353
Riyadh,1354
RoNA2020,1355
Robots,1356
RockAnthem,1357
Rogers,1358
Rohingya,1359
Romania,1360
Rona,1361
RonaVirus,1362
RudyGobert,1363
RuleOfLaw,1364
Russia,1365
RussianRoulette,1366
RwOT,1367
Ryanair,1368
SAARC,1369
SARS,1370
SARSCOV2,1371
SARSCoV2,1372
SARS_COV_2,1373
SARS_CoV_2,1374
SBI,1375
SCCM,1376
SDG17,1377
SDNY,1378
SDoH,1379
SEENews,1380
SFSU,1381
SFState,1382
SHIT,1383
SHOOTING,1384
SIRCSWORLDNEWS,1385
SME,1386
SMEs,1387
SPT,1388
SPX,1389
SPY,1390
SSP,1391
STANDSTILL,1392
STAYHOME,1393
STD,1394
STEAM,1395
STEM,1396
STEPUP,1397
SUMMER,1398
SUN,1399
SWALLOW,1400
SafeAtHome,1401
SafeHands,1402
SafeHandsChallenge,1403
SafetyFirst,1404
SafetyMeasures,1405
Safetytips,1406
SameSex,1407
SanAntonio,1408
SanFransisco,1409
SanctuaryCities,1410
SaraDuterte,1411
Sars2,1412
SarsCov2,1413
Sask,1414
Saudi,1415
SaudiArabia,1416
SaudiCDC,1417
Saudi_arabia,1418
SausageChicago,1419
SaveLives,1420
Scale,1421
Scholastic,1422
SchoolClosings,1423
SchoolClosures,1424
Science,1425
ScottyFromMarketing,1426
Scribd,1427
Seattle,1428
Security,1429
SecurityAwareness,1430
SelfIsolation,1431
SelfQuarantine,1432
SelfQuarentine,1433
SellYourMarket,1434
Senate,1435
Seville,1436
ShaheenBaghProtests,1437
Shame,1438
ShameOnYou,1439
Shameless,1440
Shanghai,1441
Share,1442
Shehood,1443
SheikhHasina,1444
ShelterInPlace,1445
ShepherdsVoice,1446
ShipWithAClick,1447
Shopivo,1448
ShutDown,1449
ShutDown14,1450
ShutDownAmerica,1451
ShutItDown,1452
Sicily,1453
SickLeave,1454
SignLanguage,1455
Sikkim,1456
SilkAir,1457
SimiValley,1458
Sindh,1459
Singapore,1460
SingaporeAirlines,1461
Sisi,1462
SitAndTalk,1463
Situation,1464
SixthSealNewstalk,1465
SkyCable,1466
Skypeclinics,1467
Slovakia,1468
SmallBiz,1469
SmallBusiness,1470
SmallBusinesses,1471
Smart,1472
SmartSavings,1473
SmartWorking,1474
Smartworks,1475
SmartworksIndia,1476
SoMe,1477
SoMePsychs,1478
Soap,1479
SoapAndWater,1480
SocialDistance,1481
SocialDistanceChallenge,1482
SocialDistancing,1483
SocialDistancingIsAMust,1484
SocialDistancingNow,1485
SocialDistancingWorks,1486
SocialMedia,1487
SocialSecurityTribunal,1488
SocialWelfare,1489
Society_of_Breast_Imaging,1490
Soeder,1491
Software,1492
Somali,1493
Somalia,1494
Somerset,1495
Sooryavanshi,1496
SouthAfrica,1497
SouthArmagh,1498
SouthBeach,1499
SouthCarolina,1500
SouthFayette,1501
SouthKorea,1502
Southend,1503
SpaceX,1504
Spain,1505
Spanish,1506
SpanishFlu,1507
SpeakUp,1508
SpreadKindnessNotPanic,1509
SpreadLove,1510
Spring,1511
SpringBreak,1512
Spy,1513
SriLanka,1514
Srilanka,1515
StLouis,1516
StPatricksDay,1517
StPatricksDay2020,1518
StacksUp,1519
StarWars,1520
Startup,1521
StartupStreet,1522
Starvation,1523
StateOfEmergency,1524
StatePark,1525
StateofMind,1526
StationsoftheCross,1527
StatusQuo,1528
StayAtHome,1529
StayAtHomeChallenge,1530
StayHealthy,1531
StayHome,1532
StayHomeBelgium,1533
StayHomeSaveLives,1534
StayHomeSavesLives,1535
StayHomeStaySafe,1536
StayHomeStupid,1537
StayHomeUK,1538
StayHomeUSA,1539
StayInformed,1540
StayKind,1541
StaySafe,1542
StayTFHome,1543
StayTheFHome,1544
StayTheFuckHome,1545
Stayhome,1546
StenaLine,1547
Sterling,1548
StoACasaMiaComeLombardia,1549
Stock,1550
StockMarket,1551
StockMarketCrash,1552
Stockmarket,1553
Stocks,1554
StoneCold,1555
Stoner,1556
StopSpreadingPanic,1557
StopTheMadness,1558
StopThePanic,1559
StopTheSpread,1560
StoptheSpread,1561
StormWatch,1562
StrongerTogether,1563
StudentDebt,1564
StuffSamiSays,1565
StupidPeople,1566
Subway,1567
Sudan,1568
Summer2020,1569
Summit,1570
Surveillance,1571
Suspendalternatesideparking,1572
Suukyi,1573
Sweden,1574
SwineFlu,1575
SwingVoters,1576
Sycophants,1577
SylviaBrowne,1578
T2R,1579
TAM,1580
TASMAC,1581
TBI,1582
TEA,1583
TEACHER,1584
TEST,1585
TESTVIRUSNOW,1586
TEXAS,1587
THEGREATAWAKENING,1588
TMKOC,1589
TN,1590
TP,1591
TPHoarders,1592
TPShortage2020,1593
TRUMPisTheRealNationalEmergency,1594
TSFC,1595
TSX,1596
TTC,1597
TTRPG,1598
TV,1599
TVlicence,1600
TWCF,1601
Taftan,1602
Taiwan,1603
TaiwanCanHelp,1604
TalkingPrepsCLT,1605
Tampa,1606
Tanzania,1607
Target,1608
Taxes,1609
TeachYourKids,1610
Teacher,1611
Tech,1612
Techno,1613
Technology,1614
Telangana,1615
TeleSemiAnnual,1616
Telecommunications,1617
Telehealth,1618
Telemedicine,1619
Teleworking,1620
TeluguFilmNagar,1621
Tennis,1622
Tesla,1623
TestAllWhoEnter,1624
TesticularCancer,1625
Testing,1626
ThankYou,1627
ThankYouSpeakerPelosi,1628
ThanksObama,1629
Thanos,1630
TheArk,1631
TheBigSneezy,1632
TheCairoShow,1633
TheDoughMan,1634
TheFeastQCDFT,1635
TheFortress,1636
TheGreatAwakening,1637
TheLacet,1638
TheMandalorian,1639
TheNewsInsight,1640
ThePerfectStorm,1641
TheRight,1642
TheSilentWarContinues,1643
TheWalkingDead,1644
ThesePeopleAreSick,1645
ThirdWorldUSA,1646
ThisIsNotASnowDay,1647
ThoughtsAndPrayers,1648
Thread,1649
Tianmen,1650
TikTok,1651
TinaTurner,1652
TipOfTheDay,1653
Tips,1654
Tirupur,1655
Titanic,1656
TogetherWeCan,1657
TogetherWeRise,1658
ToiletPaperPanic,1659
Tokyo,1660
Tokyo2020,1661
TokyoOlympics,1662
Tollywood,1663
TomHanks,1664
TomorrowsPaperToday,1665
Top5,1666
Torbay,1667
Tornado,1668
Toronto,1669
Touching,1670
Tourism,1671
TracaRadio,1672
Trading,1673
Travel,1674
TravelAdvices,1675
TravelAgents,1676
Treatment,1677
Trending,1678
TrendingNow,1679
TrendsReport,1680
Trudeau,1681
Trump,1682
Trump2020,1683
TrumpCrash,1684
TrumpCrimeFamily,1685
TrumpDistancing,1686
TrumpIsAFailure,1687
TrumpIsAnIdiot,1688
TrumpIsTheWORSTPresidentEVER,1689
TrumpPlague,1690
TrumpPlague2020,1691
TrumpSlump,1692
TrumpTrain,1693
TrumpVirus,1694
Trumpcrimefamily,1695
TrumpsFault,1696
Trumptards,1697
TrumptheWorstPresidentEVER,1698
Trumptheprofiteer,1699
TruthBeTold,1700
Tuberculosis,1701
Tulip,1702
TulsaOK,1703
TunbridgeWells,1704
TuneIn,1705
TuneInOrBeTunedOut,1706
Tunisia,1707
Turkey,1708
TurkeyTerrorSate,1709
Twibbon,1710
Twitch,1711
Twitler,1712
UAE,1713
UASBlog,1714
UB40,1715
UBI,1716
UBIStimulus,1717
UBUMM,1718
UK,1719
UKGoverment,1720
UKIP,1721
UKeconomy,1722
UMNProud,1723
UN,1724
UNBELIEVABLE,1725
US,1726
US2020Primaries,1727
USA,1728
USChina,1729
USFed,1730
USHouse,1731
USPTO,1732
USPolitics,1733
USPresident,1734
UberCrash,1735
Uganda,1736
Ullu,1737
UlluApp,1738
UnaSanaCanton,1739
UnacceptableBehavior,1740
Unemployed,1741
UnitedStates,1742
UnitedWeStand,1743
UniversalHealthcare,1744
UniversalOrlando,1745
UnsolicitedSharing,1746
UpcomingTrack,1747
Update,1748
Urdu,1749
Urgent,1750
UsandMoreYT,1751
UttarPradesh,1752
VIRUS,1753
VPN,1754
Vaccine,1755
Vancouver,1756
VeerBahadurSingh,1757
Vehicles,1758
Venezuela,1759
Verily,1760
VibhuAgarwal,1761
Video,1762
Vienna,1763
Vietnam,1764
VirginAlantic,1765
VirginAtlantic,1766
VirtualLearning,1767
Virus,1768
VirusCases,1769
VirusVoter,1770
Visa,1771
VogtForNH,1772
Vons,1773
Vote,1774
VoteBlue,1775
VoteBlue2020,1776
VoteBlueNoMatterWho,1777
VoteThemAllOut,1778
WASHinHCFs,1779
WAstate,1780
WEC,1781
WEF20,1782
WFH,1783
WFHdarires,1784
WHO,1785
WNCnews,1786
WVBGalit,1787
WVPrepBB,1788
WW2,1789
WW3,1790
WWE,1791
WWERaw,1792
WWG1WGA,1793
WakeUpUk,1794
Wales,1795
WallSt,1796
WallStreet,1797
Walmart,1798
WaltDisneyWorld,1799
WarandPeace,1800
Warriors,1801
Warsaw,1802
Warzone,1803
WashYourHands,1804
WashingYourHands,1805
WashingtonBlvd,1806
WatReg,1807
Watch,1808
WeAreFiveStar,1809
WeAreInThisTogether,1810
WeCanDoIt,1811
WeCanDoThis,1812
WeGotThis,1813
WeNeedCash,1814
WeNeedUBI,1815
WeStandTogether,1816
WeThePeople,1817
WeWillRemember,1818
Weah,1819
WearAFuckingMask,1820
WeekendCoffeeShare,1821
WeltamSonntag,1822
WestBengal,1823
WestVirginia,1824
Weston,1825
WhatsInYour401K,1826
WhereIsBoris,1827
WheresRuth,1828
WhillyemThrillwell,1829
WhiteHouse,1830
Who,1831
WholeFoods,1832
Will,1833
WindsorCastle,1834
Winnipeg,1835
WohanVirus,1836
Women,1837
WomenInSTEM,1838
WomenInStem,1839
Wonderful,1840
WordOfGod,1841
Work,1842
WorkExperience,1843
WorkFromHome,1844
WorkingRemotely,1845
World,1846
WorldAgainstRacism,1847
WorldHealthOrganization,1848
WorldNews,1849
WorldWarZ,1850
WorldWaterDay,1851
Worship,1852
Wrestling,1853
WritingCommunity,1854
Wuhan,1855
WuhanChina,1856
WuhanChinaVirus,1857
WuhanVirus,1858
Wuhan_2019_nCoV,1859
Wyoming,1860
Xiaogan,1861
YQL,1862
YQR,1863
YQRam,1864
Yangshan,1865
YardCat,1866
YearOfTheRat,1867
YearofEcumenism,1868
YesBank,1869
YesBankCollapse,1870
YoMeQuedoEnCasa,1871
YoMeQuedoEnMiCasa,1872
YoQuedoEnCasa,1873
YogiAdityanath,1874
YouChat7,1875
YouHaveThePower,1876
YouTube,1877
YouTuber,1878
YoungAdultCancer,1879
ZCC,1880
ZSHQ,1881
ZafarMirza,1882
Zaia,1883
Zeus,1884
Zimbabwe,1885
Zoom,1886
abhealth,1887
ableg,1888
academics,1889
access,1890
additionalprotection,1891
advice,1892
afightwemustwin,1893
afiprubsn,1894
afitakaful,1895
afnimazing,1896
afnipeeps,1897
agoraphobia,1898
airambulance,1899
airforce,1900
airline,1901
airlinenews,1902
airlines,1903
airport,1904
airporttaxi,1905
airtravel,1906
alberta,1907
alea,1908
aliens,1909
all,1910
allbymyself,1911
allinthistogether,1912
amIstranded,1913
amazon,1914
america,1915
americafirst,1916
amiti√©,1917
amr,1918
analysis,1919
analytics,1920
andratuttobene,1921
androids,1922
animalhealth,1923
animals,1924
antiinflammatories,1925
antiinflammatory,1926
antioxidant,1927
antivax,1928
antivaxxers,1929
anxiety,1930
anxietymanagement,1931
anxiousandrea,1932
appreciation,1933
arabianknights,1934
architecture,1935
armchairexpert,1936
arnoldschwarzenegger,1937
artist,1938
arts,1939
ascot,1940
askingforafriend,1941
askskynews,1942
assetmanagement,1943
asthma,1944
astrology,1945
atlanta,1946
atleasticanspendtimewithmyfamily,1947
atlhoe,1948
atmosphere,1949
attitude,1950
auspol,1951
autism,1952
autistic,1953
autoindustriya,1954
autonomousDriving,1955
autonomously,1956
avlnews,1957
awareness,1958
b1g,1959
b2b,1960
babyyoda,1961
background,1962
baking,1963
bali,1964
banking,1965
banks,1966
bath,1967
battlestation,1968
bawanglive,1969
bcpoli,1970
beINFORMED,1971
beINNBA,1972
beInformaed,1973
beast,1974
beatsforsale,1975
beatstars,1976
beef,1977
beer,1978
beerus,1979
begenerous,1980
begonagomez,1981
behelpful,1982
beingmayor,1983
beja,1984
bekind,1985
bell,1986
bennact,1987
bernie,1988
bertshow,1989
besafe,1990
besmart,1991
besties,1992
bestill,1993
bewareofdogs,1994
bezos,1995
biden,1996
bidet,1997
bigBoxStores,1998
bigdata,1999
biker,2000
bikingday,2001
billing,2002
binit,2003
bio_warfare,2004
biotech,2005
biowarfare,2006
birdflu,2007
bitcoin,2008
bizhumanrights,2009
blackmask,2010
blendedlearning,2011
blijfinuwkot,2012
bll,2013
blockchain,2014
blood,2015
bluejays,2016
bluejaysdailyquiz,2017
board,2018
boffin,2019
bombay,2020
books,2021
boomer,2022
boosie,2023
booze,2024
border,2025
bored,2026
boristhemurderer,2027
borrowers,2028
bourbonstreet,2029
boycott,2030
braap,2031
bracknell,2032
bracknelltaxi,2033
brain,2034
brand,2035
brands,2036
breakfastclub,2037
breaking,2038
breaking_news,2039
bringit,2040
british,2041
broadband,2042
broonstains,2043
btc,2044
budgeting,2045
bulldog,2046
bullish,2047
bullshit,2048
bushfires,2049
business,2050
businessintelligence,2051
businessnews,2052
businessnotasusual,2053
businessowners,2054
buylocal,2055
byecambodia,2056
calgary,2057
california,2058
calledit,2059
callinsick,2060
calm,2061
canada,2062
cancelled,2063
canceltrump,2064
cancer,2065
capitalism,2066
care,2067
care24,2068
caregivers,2069
carer,2070
caribbean,2071
carona,2072
caronavirus,2073
caronavirusoutbreak,2074
carriers,2075
cartoon,2076
case,2077
cashflow,2078
casinos,2079
cat,2080
catbonds,2081
catchit,2082
cats,2083
catslife,2084
cautionyespanicno,2085
cdc,2086
cdnboomers,2087
cdnpoli,2088
cecilbdemille,2089
cedh,2090
celebrities,2091
censorship,2092
centurycollege,2093
cfb,2094
change,2095
channelchek,2096
channeling,2097
chaos,2098
charity,2099
chemtrails,2100
chicago,2101
children,2102
childwelfare,2103
china,2104
chinavirus,2105
chiropractic,2106
chk,2107
choirs,2108
chooseoulclub,2109
chronicallyill,2110
chrowtorne,2111
chuckrobbins,2112
cinemas,2113
circuitbraker,2114
circuitbreaker,2115
cisco,2116
citation,2117
class,2118
classcancelled,2119
classicalmusic,2120
cleanenergy,2121
cleaner,2122
cleaning,2123
climatecrisis,2124
climatesecurity,2125
clinicaltrials,2126
clinics,2127
closeourschools,2128
closeschoolsuk,2129
closethecourts,2130
closingequitygaps,2131
clothes,2132
clothing,2133
cmosikkim,2134
cmu,2135
cocid19response,2136
coding,2137
collaboration,2138
collapse,2139
college,2140
collegehumor,2141
collegelife,2142
colleges,2143
comedy,2144
comic,2145
commisaid,2146
communications,2147
community,2148
communitybuildings,2149
communityspirit,2150
companies,2151
compassion,2152
complicitGop,2153
concerts,2154
confinament,2155
confinement,2156
confinementtotal,2157
confirmed,2158
confused,2159
connectedsisters,2160
conspiracy,2161
construction,2162
contagion,2163
containthespread,2164
contamination,2165
contemporaryart,2166
cookiesplease,2167
coping,2168
cornavirus,2169
cornavirusuk,2170
cornoavirus,2171
cornoravirusuk,2172
cornoravirusus,2173
coronials,2174
coroniavirus,2175
coronnavirus,2176
coronoavirus,2177
coronoavirusoutbreak,2178
coronoviris,2179
coronovirusindia,2180
coronvirusitalia,2181
coronvirusuk,2182
cororavirus,2183
corpgov,2184
corronavirus,2185
corruption,2186
cortisone,2187
cotonavirus,2188
countries,2189
courses,2190
cov,2191
covfefevirus,2192
covƒ±d19,2193
craft,2194
crawfish,2195
create,2196
creditunions,2197
crimewatch,2198
crises,2199
crisis,2200
cronavirus,2201
crossword,2202
cruise,2203
cruises,2204
cryoEM,2205
crypto,2206
cryptocurrencies,2207
cryptocurrency,2208
cryptonews,2209
cultoftrump,2210
customer,2211
cute,2212
cuteanimals,2213
cyberattack,2214
cybersecurity,2215
cyberwarfare,2216
cysticfibrosis,2217
dailycartoon,2218
damnyou,2219
dangerous,2220
darktoLIGHT,2221
data,2222
dataScience,2223
databreach,2224
dataviz,2225
dating,2226
day1,2227
day76,2228
daytraderinchief,2229
dbz,2230
deBlasio,2231
deafed,2232
deaths,2233
debt,2234
decontaminant,2235
deepbreathing,2236
deferredflagday,2237
delight,2238
delivery,2239
democrat,2240
democratichoax,2241
depression,2242
deutschland,2243
developerlife,2244
development,2245
devices,2246
dexterthemustachecat,2247
diabetes,2248
diagnostics,2249
diamonddrilling,2250
digestive,2251
digitallibrary,2252
digitalmarketing,2253
dirtypolitics,2254
disability,2255
disabled,2256
disasterrelief,2257
disease,2258
disinfectant,2259
disinformation,2260
disneyplus,2261
disobedientdss,2262
distancelearning,2263
distilleries,2264
diy,2265
doctor,2266
doctoradvice,2267
doctors,2268
dog,2269
dogecoin,2270
dogsoftwitter,2271
doha,2272
doitnow,2273
domains,2274
donate,2275
donation,2276
donations,2277
donkeyoftheday,2278
donotdisturb,2279
dontforgettolaughbutdontspit,2280
dontpanic,2281
donttouchyourface,2282
doodle,2283
doyourpart,2284
dragilan,2285
dragonballz,2286
draw,2287
drawing,2288
drumpf,2289
dudley,2290
duh,2291
dummies,2292
eAudiobooks,2293
eHealth,2294
eSwatini,2295
easterbaskets,2296
eatingrations,2297
eatingtoilettissue,2298
ebooks,2299
ece,2300
economic,2301
economically,2302
economiccrisis,2303
economics,2304
economies,2305
economy,2306
econtwitter,2307
edchat,2308
edh,2309
editorinchief,2310
edtech,2311
edtechchat,2312
education,2313
eduserv,2314
elearning,2315
elementaryschool,2316
elmo,2317
elmosworld,2318
emailgeeks,2319
emailmarketingtips,2320
emergency,2321
emotions,2322
employees,2323
employer,2324
employers,2325
employment,2326
encouragement,2327
encryption,2328
endchildhunger,2329
endevictions,2330
endofpresscon,2331
energy,2332
engineering,2333
enroll,2334
entrepreneurs,2335
environmental,2336
eod,2337
epidemics,2338
epidemiology,2339
epitwitter,2340
equestrian,2341
equipment,2342
equitymarkets,2343
ergonomics,2344
ethics,2345
eu,2346
europe,2347
eventprofs,2348
evergib,2349
evictions,2350
evolveandbecome,2351
expenses,2352
expertadvice,2353
extendedspringbreak,2354
facebook,2355
facemasks,2356
faculty,2357
fail,2358
fakeNews,2359
fakenews,2360
faketurkishpropaganda,2361
family,2362
familytime,2363
fashion,2364
fatigue,2365
fear,2366
fed,2367
federal,2368
fedratecut,2369
feedly,2370
feedthekids,2371
feet,2372
fes,2373
festacexplosion,2374
festivals,2375
festravel,2376
finance,2377
firstresponders,2378
fitbit,2379
fitness,2380
flatteningthecurve,2381
flattenthecurve,2382
flights,2383
floods,2384
flowers,2385
flu,2386
fluseason,2387
flyswiss,2388
follow4follow,2389
food,2390
foodallergies,2391
foodbanks,2392
fooddistribution,2393
foodindustry,2394
forecast,2395
forex,2396
forexmarket,2397
forgotitwas2020,2398
foronavirus,2399
forrun,2400
forwardtogether,2401
foster,2402
fostercare,2403
fox5atl,2404
france,2405
free,2406
freedom,2407
freespeech,2408
freightforwarders,2409
frontpage,2410
ftse,2411
ftse100,2412
fulllockdown,2413
fun,2414
funbeatmagic,2415
funding,2416
fundresearch,2417
funny,2418
funruiner,2419
futurecardiologist,2420
futures,2421
gamers,2422
garbatella,2423
gas,2424
gaza,2425
generous,2426
geography,2427
germtracker,2428
gerrymandering,2429
getoutside,2430
getsome,2431
ghost,2432
ghosttown,2433
gigeconomy,2434
gingertea,2435
glasgowwestend,2436
global,2437
globaleconomy,2438
globalization,2439
globalmarkets,2440
gloves,2441
gmb,2442
gobar,2443
god,2444
godblesshealthcareworkers,2445
godimedia,2446
gold,2447
google,2448
gop,2449
govenorkayivey,2450
govermentaid,2451
government,2452
govinfo,2453
govnotdoingenough,2454
govos,2455
grammar,2456
graphene,2457
great,2458
greenday,2459
greenland,2460
grinding,2461
grocery,2462
grounding,2463
groundtoonline,2464
gsopol,2465
guam,2466
gym,2467
hacking,2468
haiku,2469
hajj,2470
halt,2471
halted,2472
hammering,2473
hamptoncourthalfmarathon,2474
hamsterkauf,2475
hands,2476
handsanitiser,2477
handsanitizer,2478
handshake,2479
handwashing,2480
hangtenstories,2481
hapc,2482
happiness,2483
hashtag,2484
hat,2485
havingfun,2486
hawaii,2487
hcsm,2488
hcsmca,2489
headlines,2490
health,2491
healthCare,2492
healthandwellness,2493
healthawareness,2494
healthcare,2495
healthcareprovider,2496
healthcarerefom,2497
healthcrisis,2498
healthnews,2499
healthsystems,2500
healthy,2501
healthyliving,2502
hearings,2503
hehe,2504
help,2505
helpeachother,2506
helpthismomma,2507
henryFino,2508
herdimmunity,2509
highered,2510
highschool,2511
history,2512
holidays,2513
home,2514
homelessness,2515
homeoffice,2516
homeschool,2517
homeschooling,2518
homeworking,2519
hoosiers,2520
hope,2521
hospital,2522
hospitality,2523
hospitals,2524
housing,2525
houstonenergy,2526
howcanihelp,2527
howitzer,2528
human,2529
humanhealth,2530
humanitarian,2531
humanity,2532
humanrights,2533
humble,2534
humor,2535
humour,2536
hunger,2537
hydroalcoholic,2538
hygiene,2539
hymn,2540
hypertension,2541
iHeartAwards,2542
ibmchampion,2543
iceland,2544
icomplexity,2545
icon,2546
ideas,2547
idiots,2548
idontevencare,2549
illustration,2550
illustrations,2551
ilovecats,2552
immuneboosting,2553
immunity,2554
immunocompromised,2555
immunocomrpomised,2556
impact,2557
impactinvesting,2558
inappropriate,2559
inclusion,2560
incompetent,2561
incompetentInChief,2562
india,2563
indiegamedev,2564
infection,2565
infections,2566
infectiousSMILE,2567
info,2568
infodemic,2569
information,2570
infosec,2571
inhouse,2572
inhouselawyer,2573
ink,2574
innovation,2575
innovative,2576
instagramers,2577
instagramphoto,2578
interactive,2579
interestrates,2580
internalcomms,2581
internetcrash,2582
interview,2583
inthistogether,2584
investing,2585
investment,2586
invincible,2587
ioga,2588
iorestoacasa,2589
iorestocasa,2590
iostoacasa,2591
iot,2592
ipprotection,2593
iran,2594
iranprotests,2595
ireland,2596
ironmongery,2597
isis,2598
islam,2599
isolation,2600
isthishomenow,2601
italia,2602
italian,2603
italiazonaprotetta,2604
italy,2605
italylockdown,2606
italystaystrong,2607
itfc,2608
itnotbetasty,2609
itsEducational,2610
itsarap,2611
itwillkeepusgoing,2612
iufb,2613
jamacia,2614
japan,2615
jaraksosial,2616
jhmchat,2617
jinshidrilltech,2618
jobs,2619
jobsearch,2620
jobseekers,2621
jocoderm,2622
johnoliver,2623
joke,2624
jsdrilltech,2625
justforfun,2626
k12,2627
kag2020,2628
kcmo,2629
keepwalking,2630
khat,2631
kids,2632
kidshomefun,2633
killercells,2634
killit,2635
kind,2636
kindnessarmy,2637
kisiiuniversity,2638
kissing,2639
kitchendineroffice,2640
kiwihostage,2641
kiwiscam,2642
kiwistolemymoney,2643
kleptocracy,2644
klim,2645
knx,2646
korea,2647
korona,2648
koronavirus,2649
koronawirus,2650
koronowiruswpolsce,2651
labor,2652
landingring,2653
landmines,2654
lateralflow,2655
laugh,2656
laundry,2657
lawschool,2658
ldnont,2659
ldnontbike,2660
leaders,2661
leadership,2662
learn,2663
learning,2664
learningathome,2665
lebanon,2666
lehighcounty,2667
lehighvalley,2668
lesigh,2669
lesvos,2670
letscooperate,2671
letsgetthroughthis,2672
letsstayalert,2673
letstalk,2674
lgbt,2675
liberalarts,2676
liberals,2677
librarians,2678
library,2679
life,2680
lifechoices,2681
lifeofkokeshi,2682
likeforlikes,2683
limitthemovement,2684
liquidity,2685
literacy,2686
liveandbreathecars,2687
livecoverage,2688
livetoride,2689
livinghistory,2690
lka,2691
lms,2692
local,2693
lockcoupling,2694
lockdown,2695
lockdownph,2696
lockdowns,2697
lockyours,2698
locustplague,2699
logic,2700
logistics,2701
lol,2702
long,2703
lookaftereachother,2704
losangeles,2705
love,2706
loveoneanother,2707
loveyouall,2708
loyal,2709
lpi,2710
lucanbiddulph,2711
lumber,2712
luzon,2713
lye,2714
lymphoma,2715
macho,2716
madness,2717
maedu,2718
maga,2719
makethemostofit,2720
makeyourowndecisions,2721
malaysia,2722
malaysiaway,2723
malware,2724
manicmonday,2725
manufacturer,2726
mapping,2727
mar,2728
marketcrash,2729
marketing,2730
marketingnews,2731
marketingtips,2732
marketoon,2733
markets,2734
marlfield,2735
mask,2736
masks,2737
masques,2738
maternalhealth,2739
measures,2740
media,2741
medical,2742
medicalstaff,2743
medicine,2744
meditation,2745
medtwitter,2746
meetingprofs,2747
mellitus,2748
meme,2749
memes,2750
men,2751
mentalhealth,2752
mentalhellness,2753
microbiome,2754
microbiota,2755
microsoft,2756
midwifery,2757
mightyboosh,2758
migrainemanagement,2759
migrants,2760
military,2761
mindful,2762
mineaction,2763
miner,2764
misinformation,2765
missingbaseball,2766
mitigation,2767
mnuchin,2768
mobile,2769
model,2770
modia,2771
mohap_uae,2772
moleg,2773
momentswiththemouse,2774
monday,2775
mondaythoughts,2776
moneyproblems,2777
montaged,2778
montana,2779
moodycowcup,2780
moria,2781
morningroutine,2782
morningthoughts,2783
mortgage,2784
motocross,2785
movie,2786
movienight,2787
movies,2788
mpy,2789
ms,2790
mtg,2791
multiplesclerosis,2792
music,2793
musicvideo,2794
mustread,2795
mx,2796
myfamily,2797
myknxstore,2798
n9tfinancialadvice,2799
nCoV,2800
nCoV2019,2801
namaste,2802
natgas,2803
nbaneverstops,2804
nccourts,2805
nced,2806
ncov,2807
ncpol,2808
ncrlockdown,2809
ncssethebest,2810
ndp,2811
nenshi,2812
nephrology,2813
netflix,2814
netflixandchill,2815
neuraled,2816
new,2817
newedition,2818
newmusic,2819
news,2820
news12,2821
newsletter,2822
newsreports,2823
newteacheradvice,2824
newyork,2825
next,2826
nhpolitics,2827
nikartseries,2828
nky,2829
nmpol,2830
nocustomers,2831
noelbowbumps,2832
nofear,2833
nofootball,2834
nonfiction,2835
nonprofit,2836
nonprofits,2837
noofficespace,2838
norway,2839
nosport,2840
notice,2841
notmeus,2842
notraffic,2843
nottheone,2844
nowdays,2845
np,2846
nspoli,2847
nursepractitioners,2848
nurses,2849
nursinghome,2850
nutritioncoach1,2851
nycschools,2852
nycshutdown,2853
nyse,2854
obesemanrowing,2855
observation,2856
obstetrics,2857
ofc,2858
officeupdate,2859
oil,2860
oilandgas,2861
oilprice,2862
okayboomer,2863
oklahoma,2864
oldteacheradvice,2865
oligarchy,2866
online,2867
onlineclasses,2868
onlinelearning,2869
onlineteaching,2870
open,2871
openscience,2872
opensource,2873
opentheborders,2874
opentheislands,2875
opera,2876
opportunities,2877
opposition,2878
optimism,2879
orders,2880
organizations,2881
orlando,2882
othersneedittoo,2883
ottawa,2884
ottcity,2885
ottnews,2886
outbreak,2887
outbreakMovie,2888
outoftoiletpaper,2889
overhaul,2890
oxygen,2891
ozchem,2892
packaging,2893
pakistan,2894
palliativecare,2895
pallonc,2896
pandademic,2897
pandemic,2898
pandemicadvantage,2899
pandemics,2900
panic,2901
panicbuy,2902
panicbuying,2903
panicdoesnthelp,2904
panickbuying,2905
panickbuyinguk,2906
panicshopping,2907
papiertoilette,2908
papiertoilettegate,2909
paracetamol,2910
parenting,2911
paris,2912
parkslope,2913
partick,2914
passion,2915
patient,2916
patients,2917
patientsafety,2918
patriotact,2919
pazartesi,2920
pci,2921
pcmasterrace,2922
pcmr,2923
peace,2924
pedagogy,2925
pedpc,2926
pendletriathlon2020,2927
pennysmartcommunity,2928
pensions,2929
people,2930
personalhygine,2931
personalpower,2932
perspective,2933
peses,2934
pets,2935
ph,2936
pharmaceutical,2937
pharmacists,2938
phew,2939
philanthropy,2940
phishing,2941
photo,2942
photoshop,2943
physicians,2944
pilots,2945
pinksocks,2946
pixelart,2947
plague,2948
plainEnglish,2949
planet,2950
planetearth,2951
pleasedonthoard,2952
pneumonia,2953
podcast,2954
podcasts,2955
poland,2956
police,2957
political,2958
politicalcrisis,2959
politicians,2960
politics,2961
politicslive,2962
poll,2963
polygonal,2964
populations,2965
porsche,2966
port,2967
ports,2968
positive,2969
positively,2970
positivethinking,2971
positivity,2972
potus,2973
power,2974
prank,2975
pray,2976
prayer,2977
prayforburglars,2978
prayforluzonphils,2979
precaution,2980
precautionary,2981
precautions,2982
predictions,2983
premed,2984
prepper,2985
preppers,2986
presidency,2987
pretty,2988
prevention,2989
preventionisbetterthancure,2990
preventivecare,2991
priceinflation,2992
privacy,2993
prochoice,2994
professionalphotographers,2995
professionals,2996
programmerlife,2997
projectmanagement,2998
projectopenair,2999
protection,3000
protective,3001
protectourchildren,3002
protectthevulnerable,3003
proud2bevz,3004
providing,3005
ps,3006
ps752,3007
psap,3008
psgolay,3009
psychosis,3010
pub,3011
pubcos,3012
publichealth,3013
publichealthcare,3014
publichealthengland,3015
publicsafety,3016
publicschools,3017
publictransportation,3018
pulled,3019
python,3020
q,3021
qanda,3022
qanon,3023
quarantine,3024
quarantinesongoftheday,3025
quedateEnTuCasa,3026
questions,3027
quoteoftheday,3028
racism,3029
racist,3030
radio,3031
radonc,3032
radres,3033
ranching,3034
randomtesting,3035
ransomware,3036
ranting,3037
rapidimplementation,3038
rate,3039
ratecut,3040
rating,3041
readers,3042
reading,3043
realestate,3044
realestateinvesting,3045
rebooking,3046
receptor,3047
recession,3048
reddwarf,3049
reflect,3050
reflexion,3051
refugeecamp,3052
regionh,3053
regrann,3054
religion,3055
religious,3056
remember,3057
remotework,3058
remoteworking,3059
rennweg,3060
rentersrights,3061
repent,3062
repo,3063
republican,3064
rescuecat,3065
research,3066
resist,3067
respectyourimmunesystem,3068
respirator,3069
respond,3070
responsibility,3071
responsiblebusiness,3072
restaurants,3073
restiamoacasa,3074
results,3075
retail,3076
retirement,3077
retweet,3078
revenue,3079
revenues,3080
ridethewave,3081
riot,3082
risk,3083
rivm,3084
rockcoring,3085
roma,3086
rona,3087
rosary,3088
router,3089
runDSM,3090
ruralireland,3091
russia,3092
sad,3093
safaricom,3094
safe,3095
safety,3096
safetyfirst,3097
salvini,3098
samensterk,3099
sanctions,3100
sanitizer,3101
sanity,3102
sassari,3103
satire,3104
saudi_moh,3105
sausagearmy,3106
savethealmonds,3107
saysafe,3108
sc,3109
scaremongering,3110
school,3111
schoolClosures,3112
schoolclosing,3113
schoolclosure,3114
schoolclosures,3115
schoolmeals,3116
schools,3117
schoolsclosed,3118
scicomm,3119
science,3120
scifi,3121
screenfree,3122
screentime,3123
scripture,3124
sdh,3125
sdrammatiziamo,3126
sealpac,3127
seatbelt,3128
seattle,3129
seattleshutdown,3130
security,3131
selfcare,3132
selfisolate,3133
selfisolating,3134
selfisolation,3135
selfisolationgame,3136
selfquarantine,3137
selfy,3138
sendwine,3139
sesamestreet,3140
shakti,3141
shale,3142
share,3143
sheeple,3144
shippingforecast,3145
shitholecountry,3146
shitisreal,3147
shitpocalypse,3148
shoplocal,3149
shoppingforecast,3150
shoprite,3151
shutdown,3152
sick,3153
signage,3154
sihatmilikku,3155
silent,3156
silverlining,3157
simulation,3158
singapore,3159
singing,3160
singup,3161
sisterhood,3162
skiing,3163
sleepykitty,3164
slowdown,3165
smallBizowner,3166
smallbiz,3167
smallbusiness,3168
smartworking,3169
smokers,3170
smoking,3171
snugglekitty,3172
social_responsibility,3173
socialdistance,3174
socialdistancing,3175
socialresponsibility,3176
socialscience,3177
society,3178
socmarbu,3179
solidParenting,3180
solidarit√©,3181
solocanoes,3182
solocycling,3183
solutions,3184
soothsaying,3185
sos,3186
soundproduction,3187
space,3188
spain,3189
species,3190
spectroscopy,3191
spilttube,3192
spine,3193
sports,3194
springbreakmiami,3195
squash,3196
sst,3197
stability,3198
stabilizer,3199
staff,3200
startup,3201
startups,3202
stateaid,3203
statement,3204
stateofdisaster,3205
stateofemergency,3206
statistics,3207
stats,3208
stayathome,3209
staycalm,3210
stayconnected,3211
stayfsafe,3212
stayhealthy,3213
stayhome,3214
stayinyourpod,3215
staysafe,3216
staystrongitaly,3217
staythefuckhome,3218
steam,3219
stem,3220
stewardess,3221
stlblues,3222
stm,3223
stoacasa,3224
stockedup,3225
stockexchange,3226
stockmarket,3227
stockmarketcrash,3228
stocks,3229
stonks,3230
stopthespread,3231
storms,3232
strength,3233
strongertogether,3234
strongwill,3235
stuckintown,3236
student,3237
students,3238
study,3239
success,3240
sundpol,3241
sunractoons,3242
sunsetbulevard,3243
supercomputer,3244
supercross,3245
supplychain,3246
supplychains,3247
support,3248
supporteachother,3249
surface,3250
surfacepro7,3251
surfaces,3252
surge,3253
surveillance,3254
survival,3255
survive,3256
svpol,3257
sweden,3258
switchbit,3259
switzerland,3260
sx,3261
symptoms,3262
tFv,3263
takeaways,3264
takeout,3265
talklikenapear,3266
tangled,3267
tapa,3268
tattoo,3269
tcu,3270
teachers,3271
teachershelpingteachers,3272
teaching,3273
tech,3274
techie,3275
technology,3276
tedx,3277
telecom,3278
telehealth,3279
teletrabajo,3280
teletravail,3281
teletreball,3282
telework,3283
teleworking,3284
terre,3285
tespiratorytherapists,3286
testing,3287
tests,3288
textile,3289
thailand,3290
thankfulfortechnology,3291
thankyou,3292
the100,3293
the100season7,3294
theatre,3295
thebox,3296
therapeutics,3297
thesoapkitchen,3298
thestorm,3299
thewanderingpanda,3300
theyungbludshow,3301
thingsimissfromlastyear,3302
thirdworldproblems,3303
thisfeelsbig,3304
thisisserious,3305
thismightbewine,3306
thread,3307
thuiswerken,3308
time,3309
timegating,3310
tinderban,3311
tips,3312
tired,3313
tissue,3314
toastoflondon,3315
toeachhisown,3316
toeachstayhome,3317
togetherwecan,3318
togetherwerise,3319
toiletpaper,3320
toiletpapercrisis,3321
toiletpapergate,3322
toiletpaperwars,3323
tookforgranted,3324
tool,3325
toronto,3326
torontorealestate,3327
tosse,3328
tourism,3329
tp,3330
tpmummy,3331
tracking,3332
trade,3333
trademarks,3334
tradesmanappuk,3335
tradewars,3336
trading,3337
traffic,3338
trail,3339
training,3340
transmission,3341
transportation,3342
travel,3343
travelinsurance,3344
travelsafety,3345
trump,3346
trumptowers,3347
tumours,3348
tw,3349
twitterchem,3350
twitterstorians,3351
typhoidmary,3352
uamshealth,3353
ubuhansiduterte,3354
uk,3355
uka≈æhomeoffice,3356
ukuniversities,3357
uncertainty,3358
undergraduates,3359
unemployment,3360
unistrike,3361
universities,3362
university,3363
unsc,3364
unsigned,3365
unsignedartist,3366
upbeat,3367
update,3368
upside,3369
urgent,3370
urine,3371
usa,3372
uspoli,3373
uxo,3374
vaccine,3375
vaccines,3376
vaka18,3377
vector,3378
vegas,3379
ventilators,3380
video,3381
videogame,3382
videoshoot,3383
villagehalls,3384
viral,3385
virtualchurch,3386
virtualclassroom,3387
virtualmeetings,3388
virus,3389
visualization,3390
visuals,3391
vitalkc,3392
voluntaryselfisolation,3393
voskcoin,3394
vote,3395
voteblue,3396
voters,3397
vumcRadOncRocks,3398
wages,3399
waittopass,3400
wakeUp,3401
wakeup,3402
walk,3403
walkthetalk,3404
walmart,3405
walmartgrocery,3406
warning,3407
washlet,3408
washthosehands,3409
washyourhands,3410
wearables,3411
webcomic,3412
webdev,3413
webgis,3414
webinar,3415
webinars,3416
website,3417
wecare,3418
weekendatbernies,3419
wellbeing,3420
wellness,3421
wereallinthistogether,3422
wfh,3423
wfhlife,3424
wfhsetup,3425
whenindoubt,3426
wheredothechildrenplay,3427
wheresthetp,3428
whistleblowers,3429
who,3430
why,3431
winterregino,3432
withrefugees,3433
witty,3434
wjz,3435
wokeuptodrilling,3436
womenempowerment,3437
womensmonthzim,3438
womenzw,3439
wontstop,3440
work,3441
workenvironment,3442
workforce,3443
workfromhome,3444
workingfromhome,3445
workingremotely,3446
workplace,3447
workremotely,3448
workstation,3449
workworkwork,3450
world,3451
worldpowers,3452
worries,3453
wow,3454
write,3455
writers,3456
wvd,3457
wvgirlsbb,3458
wvpol,3459
wvprepbase,3460
wwe,3461
wwg1wga,3462
wyattandblu,3463
xenophobia,3464
yeg,3465
yfront,3466
yougotthis,3467
youmatter,3468
young,3469
yourmove,3470
youthorchestra,3471
yqg,3472
yql,3473
yt,3474
yyc,3475
yyccc,3476
zerofucks,3477
zoom,3478
zuerich,3479
zumba,3480
Êñ∞ÂÜ†ËÇ∫ÁÇé,3481
Êñ∞Âûã„Ç≥„É≠„Éä„Ç¶„Ç§„É´„Çπ,3482
ÏõêÌò∏ÏïºÏÇ¨ÎûëÌï¥,3483
ÿÆŸÑŸäŸÉ_ÿ®ÿ®Ÿäÿ™ŸÉ,3484
ÿÆŸÑŸäŸÉ_ŸÅÿßŸÑÿØÿßÿ±,3485
ÿßŸÑŸÇÿ∑ÿßÿπ_ÿßŸÑÿÆÿßÿµ_ÿ∂ÿØ_ŸÉÿ±ŸàŸÜÿß,3486
ÿßŸÑŸÉŸàŸäÿ™_ÿ™ÿ≥ÿ™ÿßŸáŸÑ,3487
ŒúŒïŒùŒüŒ•ŒúŒïŒ£Œ†ŒôŒ§Œô,3488
ŒúŒ≠ŒΩŒøœÖŒºŒµŒ£œÄŒØœÑŒπ,3489
Œ∫ŒøœÅŒøŒΩŒøŒπŒøœÇ,3490
ŸÅŸäÿ±Ÿàÿ≥_ŸÉŸàÿ±ŸàŸÜÿß_ÿßŸÑŸÖÿ≥ÿ™ÿ¨ÿØŸë,3491
ŸÉÿ±ŸàŸÜÿß,3492
ŸÉŸàÿ±ŸàŸÜÿß_ÿßŸÑÿ¨ÿØŸäÿØ,3493
ŸÉŸàÿ±ŸàŸÜÿß_ŸÖÿµÿ±,3494
ŸÉŸàŸÅŸäÿØ_19,3495
„É¢„É≥„Çπ„Éà„Éï„Çß„Ç¢„É™„Éº„ÉÜ„Ç§„É´,3496
„Éù„Ç±Ê£Æ,3497
„Éù„Ç±Ê£ÆÂÜôÁúüÈÉ®,3498
‡§õ‡§§‡•ç‡§§‡•Ä‡§∏‡§ó‡§¢‡§º,3499
‡πÇ‡∏Ñ‡∏ß‡∏¥‡∏Ñ19,3500
‡πÇ‡∏Ñ‡∏ß‡∏¥‡∏î,3501
‡πÇ‡∏Ñ‡∏ß‡∏¥‡∏î19,3502
‡πÇ‡∏Ñ‡∏ß‡∏¥‡∏î_19,3503
‡πÇ‡∏Ñ‡∏ß‡∏¥‡∏ó_19,3504
‡∏£‡∏±‡∏ê‡∏ö‡∏≤‡∏•‡πÄ‡∏Æ‡∏á‡∏ã‡∏ß‡∏¢,3505
‡∏£‡∏±‡∏ê‡∏ö‡∏≤‡∏•‡∏™‡πâ‡∏ô‡∏ï‡∏µ‡∏ô,3506
‡∏õ‡∏£‡∏∞‡∏¢‡∏∏‡∏ó‡∏ò‡πå‡∏≠‡∏≠‡∏Å‡πÑ‡∏õ,3507
⁄©ÿ±ŸàŸÜÿß,3508
